modelo,tasa_falsos_negativos,tasa_falsos_positivos
NBSVM,0.398488120950324,0.10651289009497965
BETO baseline,0.21166306695464362,0.1078697421981004
BETO + LoRA,0.1630669546436285,0.12754409769335143
