modelo,accuracy,macro_f1
NBSVM,0.7808333333333334,0.7564062982401976
BETO baseline,0.8520833333333333,0.8427398701496462
BETO + LoRA,0.6516666666666666,0.6163682864450128
